firstName,lastName,birthDate,team,attributes,jerseyNum,positionDesc,yearsOfExperience
Bogdan,Bogdanovic,8/22/92,"{city: Atlanta, state: Georgia, abbreviation: ATL, teamName: Atlanta Hawks}","{height: 78, weight: 225}",13,[G],
Clint,Capela,5/19/94,"{city: Atlanta, state: Georgia, abbreviation: ATL, teamName: Atlanta Hawks}","{height: 82, weight: 256}",15,[C],
John,Collins,9/23/97,"{city: Atlanta, state: Georgia, abbreviation: ATL, teamName: Atlanta Hawks}","{height: 81, weight: 226}",20,"[F, C]",
Sharife,Cooper,6/11/01,"{city: Atlanta, state: Georgia, abbreviation: ATL, teamName: Atlanta Hawks}","{height: 73, weight: 176}",2,[G],
Gorgui,Dieng,1/19/90,"{city: Atlanta, state: Georgia, abbreviation: ATL, teamName: Atlanta Hawks}","{height: 82, weight: 248}",10,[C],
Solomon,Hill,3/19/91,"{city: Atlanta, state: Georgia, abbreviation: ATL, teamName: Atlanta Hawks}","{height: 78, weight: 226}",18,[F],
Kevin,Huerter,8/28/98,"{city: Atlanta, state: Georgia, abbreviation: ATL, teamName: Atlanta Hawks}","{height: 79, weight: 198}",3,"[G, F]",
De'Andre,Hunter,12/1/97,"{city: Atlanta, state: Georgia, abbreviation: ATL, teamName: Atlanta Hawks}","{height: 80, weight: 221}",12,"[F, G]",
Jalen,Johnson,12/18/01,"{city: Atlanta, state: Georgia, abbreviation: ATL, teamName: Atlanta Hawks}","{height: 80, weight: 219}",1,[F],
Timothe,Luwawu-Cabarrot,5/12/95,"{city: Atlanta, state: Georgia, abbreviation: ATL, teamName: Atlanta Hawks}","{height: 79, weight: 215}",7,"[G, F]",
Skylar,Mays,9/4/97,"{city: Atlanta, state: Georgia, abbreviation: ATL, teamName: Atlanta Hawks}","{height: 76, weight: 205}",4,[G],
Cam,Reddish,9/1/99,"{city: Atlanta, state: Georgia, abbreviation: ATL, teamName: Atlanta Hawks}","{height: 80, weight: 217}",22,"[F, G]",
Delon,Wright,4/27/92,"{city: Atlanta, state: Georgia, abbreviation: ATL, teamName: Atlanta Hawks}","{height: 77, weight: 185}",0,[G],
Trae,Young,9/19/98,"{city: Atlanta, state: Georgia, abbreviation: ATL, teamName: Atlanta Hawks}","{height: 73, weight: 164}",11,[G],
Jaylen,Brown,10/26/96,"{city: Boston, state: Massachusetts, abbreviation: BOS, teamName: Boston Celtics}","{height: 78, weight: 223}",7,"[G, F]",
Juancho,Hernangomez,10/1/95,"{city: Boston, state: Massachusetts, abbreviation: BOS, teamName: Boston Celtics}","{height: 81, weight: 214}",41,[F],
Al,Horford,6/8/86,"{city: Boston, state: Massachusetts, abbreviation: BOS, teamName: Boston Celtics}","{height: 81, weight: 240}",42,"[C, F]",
Enes,Kanter,5/23/92,"{city: Boston, state: Massachusetts, abbreviation: BOS, teamName: Boston Celtics}","{height: 82, weight: 250}",13,[C],
Romeo,Langford,10/26/99,"{city: Boston, state: Massachusetts, abbreviation: BOS, teamName: Boston Celtics}","{height: 77, weight: 216}",9,"[G, F]",
Aaron,Nesmith,10/15/99,"{city: Boston, state: Massachusetts, abbreviation: BOS, teamName: Boston Celtics}","{height: 77, weight: 215}",26,"[G, F]",
Payton,Pritchard,1/28/98,"{city: Boston, state: Massachusetts, abbreviation: BOS, teamName: Boston Celtics}","{height: 73, weight: 195}",11,[G],
Josh,Richardson,9/16/93,"{city: Boston, state: Massachusetts, abbreviation: BOS, teamName: Boston Celtics}","{height: 77, weight: 200}",8,[G],
Dennis,Schroder,9/16/93,"{city: Boston, state: Massachusetts, abbreviation: BOS, teamName: Boston Celtics}","{height: 73, weight: 172}",71,[G],
Marcus,Smart,3/7/94,"{city: Boston, state: Massachusetts, abbreviation: BOS, teamName: Boston Celtics}","{height: 76, weight: 220}",36,[G],
Jayson,Tatum,3/2/98,"{city: Boston, state: Massachusetts, abbreviation: BOS, teamName: Boston Celtics}","{height: 80, weight: 210}",0,"[F, G]",
Robert,Williams III,10/18/97,"{city: Boston, state: Massachusetts, abbreviation: BOS, teamName: Boston Celtics}","{height: 81, weight: 237}",44,"[C, F]",
Grant,Williams,12/1/98,"{city: Boston, state: Massachusetts, abbreviation: BOS, teamName: Boston Celtics}","{height: 78, weight: 236}",12,[F],
LaMarcus,Aldridge,7/22/85,"{city: Brooklyn, state: New York, abbreviation: BKN, teamName: Brooklyn Nets}","{height: 83, weight: 250}",21,"[C, F]",
DeAndre',Bembry,7/5/94,"{city: Brooklyn, state: New York, abbreviation: BKN, teamName: Brooklyn Nets}","{height: 77, weight: 210}",95,"[G, F]",
Bruce,Brown,8/17/96,"{city: Brooklyn, state: New York, abbreviation: BKN, teamName: Brooklyn Nets}","{height: 76, weight: 202}",1,"[G, F]",
Jevon,Carter,9/16/95,"{city: Brooklyn, state: New York, abbreviation: BKN, teamName: Brooklyn Nets}","{height: 73, weight: 200}",0,[G],
Nicolas,Claxton,4/19/99,"{city: Brooklyn, state: New York, abbreviation: BKN, teamName: Brooklyn Nets}","{height: 83, weight: 215}",33,"[F, C]",
Kevin,Durant,10/2/88,"{city: Brooklyn, state: New York, abbreviation: BKN, teamName: Brooklyn Nets}","{height: 82, weight: 240}",7,[F],
Blake,Griffin,3/19/89,"{city: Brooklyn, state: New York, abbreviation: BKN, teamName: Brooklyn Nets}","{height: 81, weight: 250}",2,[F],
James,Harden,8/30/89,"{city: Brooklyn, state: New York, abbreviation: BKN, teamName: Brooklyn Nets}","{height: 77, weight: 220}",13,[G],
Joe,Harris,9/10/91,"{city: Brooklyn, state: New York, abbreviation: BKN, teamName: Brooklyn Nets}","{height: 78, weight: 220}",12,"[G, F]",
James,Johnson,2/22/87,"{city: Brooklyn, state: New York, abbreviation: BKN, teamName: Brooklyn Nets}","{height: 79, weight: 240}",16,[F],
Paul,Millsap,2/15/85,"{city: Brooklyn, state: New York, abbreviation: BKN, teamName: Brooklyn Nets}","{height: 79, weight: 257}",31,[F],
Patty,Mills,8/16/88,"{city: Brooklyn, state: New York, abbreviation: BKN, teamName: Brooklyn Nets}","{height: 73, weight: 180}",8,[G],
Day'Ron,Sharpe,11/4/01,"{city: Brooklyn, state: New York, abbreviation: BKN, teamName: Brooklyn Nets}","{height: 81, weight: 265}",20,[F],
Cam,Thomas,10/14/01,"{city: Brooklyn, state: New York, abbreviation: BKN, teamName: Brooklyn Nets}","{height: 75, weight: 210}",24,[G],
LaMelo,Ball,8/20/01,"{city: Charlotte, state: North Carolina, abbreviation: CHA, teamName: Charlotte Hornets}","{height: 79, weight: 180}",2,[G],
James,Bouknight,9/18/00,"{city: Charlotte, state: North Carolina, abbreviation: CHA, teamName: Charlotte Hornets}","{height: 76, weight: 190}",5,[G],
Miles,Bridges,3/21/98,"{city: Charlotte, state: North Carolina, abbreviation: CHA, teamName: Charlotte Hornets}","{height: 79, weight: 225}",0,[F],
Vernon,Carey Jr.,2/26/01,"{city: Charlotte, state: North Carolina, abbreviation: CHA, teamName: Charlotte Hornets}","{height: 81, weight: 270}",22,"[F, C]",
Gordon,Hayward,3/26/90,"{city: Charlotte, state: North Carolina, abbreviation: CHA, teamName: Charlotte Hornets}","{height: 79, weight: 225}",20,[F],
Kai,Jones,1/20/01,"{city: Charlotte, state: North Carolina, abbreviation: CHA, teamName: Charlotte Hornets}","{height: 82, weight: 221}",23,"[C, F]",
Cody,Martin,10/1/95,"{city: Charlotte, state: North Carolina, abbreviation: CHA, teamName: Charlotte Hornets}","{height: 78, weight: 205}",11,[F],
Jalen,McDaniels,2/1/98,"{city: Charlotte, state: North Carolina, abbreviation: CHA, teamName: Charlotte Hornets}","{height: 81, weight: 205}",6,"[F, C]",
Kelly,Oubre Jr.,12/9/95,"{city: Charlotte, state: North Carolina, abbreviation: CHA, teamName: Charlotte Hornets}","{height: 78, weight: 203}",12,"[F, G]",
Mason,Plumlee,3/8/90,"{city: Charlotte, state: North Carolina, abbreviation: CHA, teamName: Charlotte Hornets}","{height: 83, weight: 254}",24,"[F, C]",
Nick,Richards,12/1/97,"{city: Charlotte, state: North Carolina, abbreviation: CHA, teamName: Charlotte Hornets}","{height: 85, weight: 245}",14,[C],
Terry,Rozier,3/18/94,"{city: Charlotte, state: North Carolina, abbreviation: CHA, teamName: Charlotte Hornets}","{height: 73, weight: 190}",3,[G],
Ish,Smith,7/10/88,"{city: Charlotte, state: North Carolina, abbreviation: CHA, teamName: Charlotte Hornets}","{height: 73, weight: 175}",10,[G],
JT,Thor,8/27/02,"{city: Charlotte, state: North Carolina, abbreviation: CHA, teamName: Charlotte Hornets}","{height: 81, weight: 203}",21,[F],
P.J.,Washington,8/24/98,"{city: Charlotte, state: North Carolina, abbreviation: CHA, teamName: Charlotte Hornets}","{height: 79, weight: 230}",25,[F],
Lonzo,Ball,10/26/97,"{city: Chicago, state: Illnois, abbreviation: CHI, teamName: Chicago Bulls}","{height: 78, weight: 190}",2,[G],
Tony,Bradley,1/10/98,"{city: Chicago, state: Illnois, abbreviation: CHI, teamName: Chicago Bulls}","{height: 82, weight: 248}",13,"[C, F]",
Troy,Brown Jr.,7/30/99,"{city: Chicago, state: Illnois, abbreviation: CHI, teamName: Chicago Bulls}","{height: 78, weight: 215}",7,"[G, F]",
Alex,Caruso,2/28/94,"{city: Chicago, state: Illnois, abbreviation: CHI, teamName: Chicago Bulls}","{height: 77, weight: 186}",6,[G],
DeMar,DeRozan,8/8/89,"{city: Chicago, state: Illnois, abbreviation: CHI, teamName: Chicago Bulls}","{height: 78, weight: 220}",11,"[G, F]",
Ayo,Dosunmu,1/17/00,"{city: Chicago, state: Illnois, abbreviation: CHI, teamName: Chicago Bulls}","{height: 76, weight: 200}",12,[G],
Javonte,Green,7/24/93,"{city: Chicago, state: Illnois, abbreviation: CHI, teamName: Chicago Bulls}","{height: 77, weight: 205}",24,"[G, F]",
Alize,Johnson,4/22/96,"{city: Chicago, state: Illnois, abbreviation: CHI, teamName: Chicago Bulls}","{height: 80, weight: 212}",22,[F],
Derrick,Jones Jr.,2/16/97,"{city: Chicago, state: Illnois, abbreviation: CHI, teamName: Chicago Bulls}","{height: 78, weight: 210}",5,[F],
Zach,LaVine,3/11/95,"{city: Chicago, state: Illnois, abbreviation: CHI, teamName: Chicago Bulls}","{height: 77, weight: 200}",8,"[G, F]",
Matt,Thomas,8/4/94,"{city: Chicago, state: Illnois, abbreviation: CHI, teamName: Chicago Bulls}","{height: 75, weight: 190}",21,[G],
Nikola,Vucevic,10/28/90,"{city: Chicago, state: Illnois, abbreviation: CHI, teamName: Chicago Bulls}","{height: 82, weight: 260}",9,[C],
Patrick,Williams,8/27/01,"{city: Chicago, state: Illnois, abbreviation: CHI, teamName: Chicago Bulls}","{height: 79, weight: 215}",44,[F],
Jarrett,Allen,4/22/98,"{city: Cleveland, state: Ohio, abbreviation: CLE, teamName: Cleveland Cavaliers}","{height: 82, weight: 243}",31,[C],
Tacko,Fall,12/13/95,"{city: Cleveland, state: Ohio, abbreviation: CLE, teamName: Cleveland Cavaliers}","{height: 90, weight: 311}",99,[C],
Darius,Garland,1/25/00,"{city: Cleveland, state: Ohio, abbreviation: CLE, teamName: Cleveland Cavaliers}","{height: 73, weight: 192}",10,[G],
Kevin,Love,9/10/88,"{city: Cleveland, state: Ohio, abbreviation: CLE, teamName: Cleveland Cavaliers}","{height: 80, weight: 251}",0,"[F, C]",
Lauri,Markkanen,5/22/97,"{city: Cleveland, state: Ohio, abbreviation: CLE, teamName: Cleveland Cavaliers}","{height: 83, weight: 240}",24,"[F, C]",
Evan,Mobley,6/19/01,"{city: Cleveland, state: Ohio, abbreviation: CLE, teamName: Cleveland Cavaliers}","{height: 83, weight: 215}",4,[C],
RJ,Nembhard Jr.,3/24/99,"{city: Cleveland, state: Ohio, abbreviation: CLE, teamName: Cleveland Cavaliers}","{height: 76, weight: 200}",5,[G],
Isaac,Okoro,1/24/01,"{city: Cleveland, state: Ohio, abbreviation: CLE, teamName: Cleveland Cavaliers}","{height: 77, weight: 225}",35,"[F, G]",
Cedi,Osman,4/9/95,"{city: Cleveland, state: Ohio, abbreviation: CLE, teamName: Cleveland Cavaliers}","{height: 79, weight: 230}",16,[F],
Kevin,Pangos,1/26/93,"{city: Cleveland, state: Ohio, abbreviation: CLE, teamName: Cleveland Cavaliers}","{height: 73, weight: 179}",6,[G],
Ricky,Rubio,10/24/90,"{city: Cleveland, state: Ohio, abbreviation: CLE, teamName: Cleveland Cavaliers}","{height: 74, weight: 190}",3,[G],
Collin,Sexton,1/3/99,"{city: Cleveland, state: Ohio, abbreviation: CLE, teamName: Cleveland Cavaliers}","{height: 73, weight: 190}",2,[G],
Lamar,Stevens,7/8/97,"{city: Cleveland, state: Ohio, abbreviation: CLE, teamName: Cleveland Cavaliers}","{height: 78, weight: 230}",8,[F],
Denzel,Valentine,11/17/93,"{city: Cleveland, state: Ohio, abbreviation: CLE, teamName: Cleveland Cavaliers}","{height: 76, weight: 220}",45,[G],
Dean,Wade,11/20/96,"{city: Cleveland, state: Ohio, abbreviation: CLE, teamName: Cleveland Cavaliers}","{height: 81, weight: 228}",32,"[F, C]",
Sterling,Brown,2/13/95,"{city: Dallas, state: Texas, abbreviation: DAL, teamName: Dallas Mavericks}","{height: 77, weight: 219}",0,"[G, F]",
Jalen,Brunson,9/1/96,"{city: Dallas, state: Texas, abbreviation: DAL, teamName: Dallas Mavericks}","{height: 73, weight: 190}",13,[G],
Reggie,Bullock,3/19/91,"{city: Dallas, state: Texas, abbreviation: DAL, teamName: Dallas Mavericks}","{height: 78, weight: 205}",25,"[G, F]",
Trey,Burke,11/14/92,"{city: Dallas, state: Texas, abbreviation: DAL, teamName: Dallas Mavericks}","{height: 73, weight: 185}",3,[G],
Willie,Cauley-Stein,8/18/93,"{city: Dallas, state: Texas, abbreviation: DAL, teamName: Dallas Mavericks}","{height: 85, weight: 240}",33,[C],
Luka,Doncic,2/27/99,"{city: Dallas, state: Texas, abbreviation: DAL, teamName: Dallas Mavericks}","{height: 79, weight: 230}",7,"[F, G]",
Dorian,Finney-Smith,5/4/93,"{city: Dallas, state: Texas, abbreviation: DAL, teamName: Dallas Mavericks}","{height: 79, weight: 220}",10,[F],
Josh,Green,11/15/00,"{city: Dallas, state: Texas, abbreviation: DAL, teamName: Dallas Mavericks}","{height: 77, weight: 200}",8,[G],
Tim,Hardaway Jr.,3/18/92,"{city: Dallas, state: Texas, abbreviation: DAL, teamName: Dallas Mavericks}","{height: 77, weight: 205}",11,"[G, F]",
Maxi,Kleber,1/30/92,"{city: Dallas, state: Texas, abbreviation: DAL, teamName: Dallas Mavericks}","{height: 82, weight: 240}",42,[F],
Frank,Ntilikina,7/30/98,"{city: Dallas, state: Texas, abbreviation: DAL, teamName: Dallas Mavericks}","{height: 76, weight: 200}",21,[G],
Kristaps,Porzingis,8/4/95,"{city: Dallas, state: Texas, abbreviation: DAL, teamName: Dallas Mavericks}","{height: 87, weight: 240}",6,"[F, C]",
Dwight,Powell,7/21/91,"{city: Dallas, state: Texas, abbreviation: DAL, teamName: Dallas Mavericks}","{height: 82, weight: 240}",7,"[F, C]",
Will,Barton,1/9/91,"{city: Denver, state: Colorado, abbreviation: DEN, teamName: Denver Nuggets}","{height: 77, weight: 181}",5,[G],
Facundo,Campazzo,3/26/91,"{city: Denver, state: Colorado, abbreviation: DEN, teamName: Denver Nuggets}","{height: 70, weight: 195}",7,[G],
PJ,Dozier,10/26/96,"{city: Denver, state: Colorado, abbreviation: DEN, teamName: Denver Nuggets}","{height: 78, weight: 205}",35,"[G, F]",
Aaron,Gordon,9/16/95,"{city: Denver, state: Colorado, abbreviation: DEN, teamName: Denver Nuggets}","{height: 80, weight: 235}",50,[F],
JaMychal,Green,6/22/90,"{city: Denver, state: Colorado, abbreviation: DEN, teamName: Denver Nuggets}","{height: 80, weight: 227}",0,"[F, C]",
Jeff,Green,8/31/86,"{city: Denver, state: Colorado, abbreviation: DEN, teamName: Denver Nuggets}","{height: 80, weight: 235}",32,[F],
Nikola,Jokic,2/20/95,"{city: Denver, state: Colorado, abbreviation: DEN, teamName: Denver Nuggets}","{height: 83, weight: 284}",15,[C],
Monte,Morris,6/28/95,"{city: Denver, state: Colorado, abbreviation: DEN, teamName: Denver Nuggets}","{height: 70, weight: 183}",11,[G],
Michael,Porter Jr.,7/1/98,"{city: Denver, state: Colorado, abbreviation: DEN, teamName: Denver Nuggets}","{height: 82, weight: 218}",1,[F],
Austin,Rivers,8/4/92,"{city: Denver, state: Colorado, abbreviation: DEN, teamName: Denver Nuggets}","{height: 76, weight: 200}",25,[G],
Saddiq,Bey,4/8/99,"{city: Detroit, state: Michigan, abbreviation: DET, teamName: Detroit Pistons}","{height: 79, weight: 215}",41,[F],
Hamidou,Diallo,7/30/98,"{city: Detroit, state: Michigan, abbreviation: DET, teamName: Detroit Pistons}","{height: 77, weight: 202}",6,[G],
Luka,Garza,12/27/98,"{city: Detroit, state: Michigan, abbreviation: DET, teamName: Detroit Pistons}","{height: 82, weight: 243}",55,[C],
Jerami,Grant,3/14/94,"{city: Detroit, state: Michigan, abbreviation: DET, teamName: Detroit Pistons}","{height: 80, weight: 210}",9,[F],
Killian,Hayes,7/25/01,"{city: Detroit, state: Michigan, abbreviation: DET, teamName: Detroit Pistons}","{height: 77, weight: 195}",7,[G],
Frank,Jackson,5/3/98,"{city: Detroit, state: Michigan, abbreviation: DET, teamName: Detroit Pistons}","{height: 75, weight: 205}",5,[G],
Josh,Jackson,2/12/97,"{city: Detroit, state: Michigan, abbreviation: DET, teamName: Detroit Pistons}","{height: 80, weight: 207}",20,"[G, F]",
Cory,Joseph,8/23/91,"{city: Detroit, state: Michigan, abbreviation: DET, teamName: Detroit Pistons}","{height: 75, weight: 200}",18,[G],
Saben,Lee,6/23/99,"{city: Detroit, state: Michigan, abbreviation: DET, teamName: Detroit Pistons}","{height: 74, weight: 183}",38,[G],
Trey,Lyles,11/6/95,"{city: Detroit, state: Michigan, abbreviation: DET, teamName: Detroit Pistons}","{height: 81, weight: 234}",8,[F],
Rodney,McGruder,8/1/91,"{city: Detroit, state: Michigan, abbreviation: DET, teamName: Detroit Pistons}","{height: 76, weight: 205}",17,[G],
Kelly,Olynyk,4/21/91,"{city: Detroit, state: Michigan, abbreviation: DET, teamName: Detroit Pistons}","{height: 83, weight: 240}",13,"[F, C]",
Jamorko,Pickett,12/23/97,"{city: Detroit, state: Michigan, abbreviation: DET, teamName: Detroit Pistons}","{height: 81, weight: 206}",24,[F],
Isaiah,Stewart,5/21/01,"{city: Detroit, state: Michigan, abbreviation: DET, teamName: Detroit Pistons}","{height: 80, weight: 250}",28,"[F, C]",
Nemanja,Bjelica,5/13/88,"{city: San Francisco, state: California, abbreviation: GSW, teamName: Golden State Warriors}","{height: 81, weight: 234}",8,[F],
Stephen,Curry,3/19/88,"{city: San Francisco, state: California, abbreviation: GSW, teamName: Golden State Warriors}","{height: 74, weight: 185}",30,[G],
Draymond,Green,3/8/90,"{city: San Francisco, state: California, abbreviation: GSW, teamName: Golden State Warriors}","{height: 78, weight: 230}",23,[F],
Andre,Iguodala,2/1/84,"{city: San Francisco, state: California, abbreviation: GSW, teamName: Golden State Warriors}","{height: 78, weight: 215}",9,"[G, F]",
Damion,Lee,10/23/92,"{city: San Francisco, state: California, abbreviation: GSW, teamName: Golden State Warriors}","{height: 77, weight: 210}",1,"[G, F]",
Kevon,Looney,2/6/96,"{city: San Francisco, state: California, abbreviation: GSW, teamName: Golden State Warriors}","{height: 81, weight: 222}",5,[F],
Moses,Moody,6/1/02,"{city: San Francisco, state: California, abbreviation: GSW, teamName: Golden State Warriors}","{height: 77, weight: 211}",4,[G],
Gary,Payton II,12/2/92,"{city: San Francisco, state: California, abbreviation: GSW, teamName: Golden State Warriors}","{height: 75, weight: 195}",0,[G],
Jordan,Poole,6/20/99,"{city: San Francisco, state: California, abbreviation: GSW, teamName: Golden State Warriors}","{height: 76, weight: 194}",3,[G],
Otto,Porter Jr.,6/6/93,"{city: San Francisco, state: California, abbreviation: GSW, teamName: Golden State Warriors}","{height: 80, weight: 198}",32,[F],
Juan,Toscano-Anderson,4/12/93,"{city: San Francisco, state: California, abbreviation: GSW, teamName: Golden State Warriors}","{height: 78, weight: 209}",95,[F],
Andrew,Wiggins,2/24/95,"{city: San Francisco, state: California, abbreviation: GSW, teamName: Golden State Warriors}","{height: 79, weight: 197}",22,[F],
D.J.,Augustin,11/12/87,"{city: Houston, state: Texas, abbreviation: HOU, teamName: Houston Rockets}","{height: 71, weight: 183}",14,[G],
Armoni,Brooks,6/5/98,"{city: Houston, state: Texas, abbreviation: HOU, teamName: Houston Rockets}","{height: 75, weight: 195}",7,[G],
Josh,Christopher,12/7/01,"{city: Houston, state: Texas, abbreviation: HOU, teamName: Houston Rockets}","{height: 75, weight: 215}",9,[G],
Usman,Garuba,3/9/02,"{city: Houston, state: Texas, abbreviation: HOU, teamName: Houston Rockets}","{height: 80, weight: 229}",16,[F],
Eric,Gordon,12/29/88,"{city: Houston, state: Texas, abbreviation: HOU, teamName: Houston Rockets}","{height: 75, weight: 215}",10,[G],
Jalen,Green,2/7/02,"{city: Houston, state: Texas, abbreviation: HOU, teamName: Houston Rockets}","{height: 76, weight: 186}",0,[G],
Danuel,House Jr.,6/10/93,"{city: Houston, state: Texas, abbreviation: HOU, teamName: Houston Rockets}","{height: 78, weight: 220}",4,"[F, G]",
Kenyon,Martin Jr.,1/6/01,"{city: Houston, state: Texas, abbreviation: HOU, teamName: Houston Rockets}","{height: 77, weight: 215}",6,[F],
David,Nwaba,1/15/93,"{city: Houston, state: Texas, abbreviation: HOU, teamName: Houston Rockets}","{height: 77, weight: 219}",2,"[G, F]",
Kevin,Porter Jr.,5/6/00,"{city: Houston, state: Texas, abbreviation: HOU, teamName: Houston Rockets}","{height: 76, weight: 203}",3,"[G, F]",
Alperen,Sengun,7/25/02,"{city: Houston, state: Texas, abbreviation: HOU, teamName: Houston Rockets}","{height: 82, weight: 243}",28,[C],
Jae'Sean,Tate,10/30/95,"{city: Houston, state: Texas, abbreviation: HOU, teamName: Houston Rockets}","{height: 76, weight: 230}",8,[F],
Daniel,Theis,4/5/92,"{city: Houston, state: Texas, abbreviation: HOU, teamName: Houston Rockets}","{height: 81, weight: 245}",27,"[F, C]",
Christian,Wood,9/27/95,"{city: Houston, state: Texas, abbreviation: HOU, teamName: Houston Rockets}","{height: 81, weight: 214}",35,[F],
Oshae,Brissett,6/20/98,"{city: Indiana, state: Indianopolis, abbreviation: IND, teamName: Indiana Pacers}","{height: 79, weight: 210}",12,"[F, G]",
Malcolm,Brogdon,12/13/92,"{city: Indiana, state: Indianopolis, abbreviation: IND, teamName: Indiana Pacers}","{height: 77, weight: 229}",7,[G],
Torrey,Craig,12/21/90,"{city: Indiana, state: Indianopolis, abbreviation: IND, teamName: Indiana Pacers}","{height: 79, weight: 221}",13,[F],
Chris,Duarte,6/12/97,"{city: Indiana, state: Indianopolis, abbreviation: IND, teamName: Indiana Pacers}","{height: 77, weight: 190}",3,[G],
Justin,Holiday,4/6/89,"{city: Indiana, state: Indianopolis, abbreviation: IND, teamName: Indiana Pacers}","{height: 78, weight: 180}",8,"[F, G]",
Isaiah,Jackson,1/9/02,"{city: Indiana, state: Indianopolis, abbreviation: IND, teamName: Indiana Pacers}","{height: 82, weight: 205}",23,[F],
Jeremy,Lamb,6/3/92,"{city: Indiana, state: Indianopolis, abbreviation: IND, teamName: Indiana Pacers}","{height: 77, weight: 180}",26,"[G, F]",
T.J.,McConnell,3/29/92,"{city: Indiana, state: Indianopolis, abbreviation: IND, teamName: Indiana Pacers}","{height: 73, weight: 190}",9,[G],
Domantas,Sabonis,5/3/96,"{city: Indiana, state: Indianopolis, abbreviation: IND, teamName: Indiana Pacers}","{height: 83, weight: 240}",11,"[F, C]",
Myles,Turner,3/24/96,"{city: Indiana, state: Indianopolis, abbreviation: IND, teamName: Indiana Pacers}","{height: 83, weight: 250}",33,"[C, F]",
Brad,Wanamaker,7/28/89,"{city: Indiana, state: Indianopolis, abbreviation: IND, teamName: Indiana Pacers}","{height: 75, weight: 210}",10,[G],
Carmelo,Anthony,6/1/84,"{city: Los Angeles, state: California, abbreviation: LAL, teamName: Los Angeles Lakers}","{height: 79, weight: 238}",7,[F],
Kent,Bazemore,7/3/89,"{city: Los Angeles, state: California, abbreviation: LAL, teamName: Los Angeles Lakers}","{height: 76, weight: 195}",9,"[G, F]",
Avery,Bradley,11/29/90,"{city: Los Angeles, state: California, abbreviation: LAL, teamName: Los Angeles Lakers}","{height: 75, weight: 180}",20,[G],
Anthony,Davis,3/14/93,"{city: Los Angeles, state: California, abbreviation: LAL, teamName: Los Angeles Lakers}","{height: 82, weight: 253}",3,"[F, C]",
Dwight,Howard,12/11/85,"{city: Los Angeles, state: California, abbreviation: LAL, teamName: Los Angeles Lakers}","{height: 82, weight: 265}",39,"[C, F]",
LeBron,James,1/2/85,"{city: Los Angeles, state: California, abbreviation: LAL, teamName: Los Angeles Lakers}","{height: 81, weight: 250}",6,[F],
DeAndre,Jordan,7/25/88,"{city: Los Angeles, state: California, abbreviation: LAL, teamName: Los Angeles Lakers}","{height: 83, weight: 265}",10,[C],
Malik,Monk,2/5/98,"{city: Los Angeles, state: California, abbreviation: LAL, teamName: Los Angeles Lakers}","{height: 75, weight: 200}",11,[G],
Austin,Reaves,5/29/98,"{city: Los Angeles, state: California, abbreviation: LAL, teamName: Los Angeles Lakers}","{height: 77, weight: 197}",15,[G],
Rajon,Rondo,2/26/86,"{city: Los Angeles, state: California, abbreviation: LAL, teamName: Los Angeles Lakers}","{height: 73, weight: 180}",4,[G],
Russell,Westbrook,11/15/88,"{city: Los Angeles, state: California, abbreviation: LAL, teamName: Los Angeles Lakers}","{height: 75, weight: 200}",0,[G],
Steven,Adams,7/20/93,"{city: Memphis, state: Tenesse, abbreviation: MEM, teamName: Memphis Grizzlies}","{height: 83, weight: 265}",4,[C],
Kyle,Anderson,9/20/93,"{city: Memphis, state: Tenesse, abbreviation: MEM, teamName: Memphis Grizzlies}","{height: 81, weight: 230}",1,"[F, G]",
Desmond,Bane,6/27/98,"{city: Memphis, state: Tenesse, abbreviation: MEM, teamName: Memphis Grizzlies}","{height: 77, weight: 215}",22,[G],
Brandon,Clarke,9/19/96,"{city: Memphis, state: Tenesse, abbreviation: MEM, teamName: Memphis Grizzlies}","{height: 80, weight: 215}",15,[F],
Jaren,Jackson Jr.,9/15/99,"{city: Memphis, state: Tenesse, abbreviation: MEM, teamName: Memphis Grizzlies}","{height: 83, weight: 242}",13,"[F, C]",
Tyus,Jones,5/11/96,"{city: Memphis, state: Tenesse, abbreviation: MEM, teamName: Memphis Grizzlies}","{height: 73, weight: 196}",21,[G],
John,Konchar,3/24/96,"{city: Memphis, state: Tenesse, abbreviation: MEM, teamName: Memphis Grizzlies}","{height: 77, weight: 210}",46,[G],
De'Anthony,Melton,5/29/98,"{city: Memphis, state: Tenesse, abbreviation: MEM, teamName: Memphis Grizzlies}","{height: 74, weight: 200}",0,[G],
Ja,Morant,8/10/99,"{city: Memphis, state: Tenesse, abbreviation: MEM, teamName: Memphis Grizzlies}","{height: 75, weight: 174}",12,[G],
Xavier,Tillman Sr.,1/14/99,"{city: Memphis, state: Tenesse, abbreviation: MEM, teamName: Memphis Grizzlies}","{height: 80, weight: 245}",2,[F],
Ziaire,Williams,9/11/01,"{city: Memphis, state: Tenesse, abbreviation: MEM, teamName: Memphis Grizzlies}","{height: 81, weight: 185}",8,[F],
Bam,Adebayo,7/19/97,"{city: Miami, state: Florida, abbreviation: MIA, teamName: Miami Heat}","{height: 81, weight: 255}",13,"[C, F]",
Jimmy,Butler,9/17/89,"{city: Miami, state: Florida, abbreviation: MIA, teamName: Miami Heat}","{height: 79, weight: 230}",22,[F],
Dewayne,Dedmon,8/16/89,"{city: Miami, state: Florida, abbreviation: MIA, teamName: Miami Heat}","{height: 85, weight: 245}",21,[C],
Marcus,Garrett,11/9/98,"{city: Miami, state: Florida, abbreviation: MIA, teamName: Miami Heat}","{height: 77, weight: 205}",0,[G],
Tyler,Herro,1/21/00,"{city: Miami, state: Florida, abbreviation: MIA, teamName: Miami Heat}","{height: 77, weight: 195}",14,[G],
Kyle,Lowry,3/27/86,"{city: Miami, state: Florida, abbreviation: MIA, teamName: Miami Heat}","{height: 73, weight: 196}",7,[G],
Caleb,Martin,10/1/95,"{city: Miami, state: Florida, abbreviation: MIA, teamName: Miami Heat}","{height: 77, weight: 205}",16,[F],
Markieff,Morris,9/3/89,"{city: Miami, state: Florida, abbreviation: MIA, teamName: Miami Heat}","{height: 81, weight: 245}",8,[F],
KZ,Okpala,4/30/99,"{city: Miami, state: Florida, abbreviation: MIA, teamName: Miami Heat}","{height: 80, weight: 215}",11,"[F, G]",
Duncan,Robinson,4/23/94,"{city: Miami, state: Florida, abbreviation: MIA, teamName: Miami Heat}","{height: 79, weight: 215}",55,[F],
Max,Strus,3/28/96,"{city: Miami, state: Florida, abbreviation: MIA, teamName: Miami Heat}","{height: 77, weight: 215}",31,"[G, F]",
P.J.,Tucker,5/10/85,"{city: Miami, state: Florida, abbreviation: MIA, teamName: Miami Heat}","{height: 77, weight: 245}",17,[F],
Gabe,Vincent,6/16/96,"{city: Miami, state: Florida, abbreviation: MIA, teamName: Miami Heat}","{height: 75, weight: 200}",2,[G],
Omer,Yurtseven,6/20/98,"{city: Miami, state: Florida, abbreviation: MIA, teamName: Miami Heat}","{height: 83, weight: 275}",77,[C],
Grayson,Allen,10/8/95,"{city: Milwaukee, state: Wisconsin, abbreviation: MIL, teamName: Milwaukee Bucks}","{height: 76, weight: 198}",7,[G],
Giannis,Antetokounmpo,12/6/94,"{city: Milwaukee, state: Wisconsin, abbreviation: MIL, teamName: Milwaukee Bucks}","{height: 83, weight: 242}",34,[F],
Thanasis,Antetokounmpo,7/20/92,"{city: Milwaukee, state: Wisconsin, abbreviation: MIL, teamName: Milwaukee Bucks}","{height: 78, weight: 219}",43,[F],
Pat,Connaughton,1/8/93,"{city: Milwaukee, state: Wisconsin, abbreviation: MIL, teamName: Milwaukee Bucks}","{height: 77, weight: 209}",24,[G],
George,Hill,5/6/86,"{city: Milwaukee, state: Wisconsin, abbreviation: MIL, teamName: Milwaukee Bucks}","{height: 76, weight: 188}",3,[G],
Jrue,Holiday,6/14/90,"{city: Milwaukee, state: Wisconsin, abbreviation: MIL, teamName: Milwaukee Bucks}","{height: 75, weight: 205}",21,[G],
Georgios,Kalaitzakis,1/3/99,"{city: Milwaukee, state: Wisconsin, abbreviation: MIL, teamName: Milwaukee Bucks}","{height: 79, weight: 192}",18,[F],
Brook,Lopez,4/6/88,"{city: Milwaukee, state: Wisconsin, abbreviation: MIL, teamName: Milwaukee Bucks}","{height: 85, weight: 282}",11,[C],
Sandro,Mamukelashvili,5/22/99,"{city: Milwaukee, state: Wisconsin, abbreviation: MIL, teamName: Milwaukee Bucks}","{height: 81, weight: 240}",54,"[F, C]",
Khris,Middleton,8/16/91,"{city: Milwaukee, state: Wisconsin, abbreviation: MIL, teamName: Milwaukee Bucks}","{height: 79, weight: 222}",22,[F],
Jordan,Nwora,9/8/98,"{city: Milwaukee, state: Wisconsin, abbreviation: MIL, teamName: Milwaukee Bucks}","{height: 80, weight: 225}",13,[F],
Justin,Robinson,10/11/97,"{city: Milwaukee, state: Wisconsin, abbreviation: MIL, teamName: Milwaukee Bucks}","{height: 73, weight: 195}",55,[G],
Malik,Beasley,11/27/96,"{city: Minneapolis, state: Minnesota , abbreviation: MIN, teamName: Minnesota Timberwolves}","{height: 76, weight: 187}",5,[G],
Patrick,Beverley,7/14/88,"{city: Minneapolis, state: Minnesota , abbreviation: MIN, teamName: Minnesota Timberwolves}","{height: 73, weight: 180}",22,[G],
Leandro,Bolmaro,9/11/00,"{city: Minneapolis, state: Minnesota , abbreviation: MIN, teamName: Minnesota Timberwolves}","{height: 78, weight: 200}",9,[F],
Anthony,Edwards,8/5/01,"{city: Minneapolis, state: Minnesota , abbreviation: MIN, teamName: Minnesota Timberwolves}","{height: 76, weight: 225}",1,[G],
Jake,Layman,3/7/94,"{city: Minneapolis, state: Minnesota , abbreviation: MIN, teamName: Minnesota Timberwolves}","{height: 80, weight: 209}",10,[F],
Jaden,McDaniels,9/29/00,"{city: Minneapolis, state: Minnesota , abbreviation: MIN, teamName: Minnesota Timberwolves}","{height: 81, weight: 185}",3,[F],
Jordan,McLaughlin,4/11/96,"{city: Minneapolis, state: Minnesota , abbreviation: MIN, teamName: Minnesota Timberwolves}","{height: 71, weight: 185}",6,[G],
Jaylen,Nowell,7/8/99,"{city: Minneapolis, state: Minnesota , abbreviation: MIN, teamName: Minnesota Timberwolves}","{height: 76, weight: 201}",4,[G],
Josh,Okogie,9/1/98,"{city: Minneapolis, state: Minnesota , abbreviation: MIN, teamName: Minnesota Timberwolves}","{height: 76, weight: 213}",20,[G],
Taurean,Prince,3/25/94,"{city: Minneapolis, state: Minnesota , abbreviation: MIN, teamName: Minnesota Timberwolves}","{height: 79, weight: 218}",12,[F],
Naz,Reid,8/28/99,"{city: Minneapolis, state: Minnesota , abbreviation: MIN, teamName: Minnesota Timberwolves}","{height: 81, weight: 264}",11,"[C, F]",
D'Angelo,Russell,2/24/96,"{city: Minneapolis, state: Minnesota , abbreviation: MIN, teamName: Minnesota Timberwolves}","{height: 76, weight: 193}",0,[G],
Karl-Anthony,Towns,11/17/95,"{city: Minneapolis, state: Minnesota , abbreviation: MIN, teamName: Minnesota Timberwolves}","{height: 83, weight: 248}",32,"[C, F]",
Jarred,Vanderbilt,4/4/99,"{city: Minneapolis, state: Minnesota , abbreviation: MIN, teamName: Minnesota Timberwolves}","{height: 81, weight: 214}",8,[F],
McKinley,Wright IV,10/26/98,"{city: Minneapolis, state: Minnesota , abbreviation: MIN, teamName: Minnesota Timberwolves}","{height: 71, weight: 192}",25,[G],
Nickeil,Alexander-Walker,9/1/98,"{city: New Orleans, state: Louisianna, abbreviation: NOP, teamName: New Orleans Pelicans}","{height: 77, weight: 205}",6,[G],
Devonte',Graham,2/24/95,"{city: New Orleans, state: Louisianna, abbreviation: NOP, teamName: New Orleans Pelicans}","{height: 73, weight: 195}",4,[G],
Josh,Hart,3/7/95,"{city: New Orleans, state: Louisianna, abbreviation: NOP, teamName: New Orleans Pelicans}","{height: 77, weight: 215}",3,[G],
Jaxson,Hayes,5/24/00,"{city: New Orleans, state: Louisianna, abbreviation: NOP, teamName: New Orleans Pelicans}","{height: 83, weight: 220}",10,"[C, F]",
Brandon,Ingram,9/1/97,"{city: New Orleans, state: Louisianna, abbreviation: NOP, teamName: New Orleans Pelicans}","{height: 80, weight: 190}",14,[F],
Herbert,Jones,10/7/98,"{city: New Orleans, state: Louisianna, abbreviation: NOP, teamName: New Orleans Pelicans}","{height: 79, weight: 206}",5,[F],
Kira,Lewis Jr.,4/7/01,"{city: New Orleans, state: Louisianna, abbreviation: NOP, teamName: New Orleans Pelicans}","{height: 73, weight: 170}",13,[G],
Naji,Marshall,1/25/98,"{city: New Orleans, state: Louisianna, abbreviation: NOP, teamName: New Orleans Pelicans}","{height: 79, weight: 220}",8,[F],
Trey,Murphy III,6/19/00,"{city: New Orleans, state: Louisianna, abbreviation: NOP, teamName: New Orleans Pelicans}","{height: 80, weight: 206}",25,[F],
Tomas,Satoransky,10/31/91,"{city: New Orleans, state: Louisianna, abbreviation: NOP, teamName: New Orleans Pelicans}","{height: 79, weight: 210}",31,[G],
Garrett,Temple,5/10/86,"{city: New Orleans, state: Louisianna, abbreviation: NOP, teamName: New Orleans Pelicans}","{height: 77, weight: 195}",41,"[G, F]",
Jonas,Valanciunas,5/8/92,"{city: New Orleans, state: Louisianna, abbreviation: NOP, teamName: New Orleans Pelicans}","{height: 83, weight: 265}",17,[C],
RJ,Barrett,6/15/00,"{city: New York, state: New York, abbreviation: NYK, teamName: New York Knicks}","{height: 78, weight: 214}",9,"[F, G]",
Alec,Burks,7/21/91,"{city: New York, state: New York, abbreviation: NYK, teamName: New York Knicks}","{height: 78, weight: 214}",18,[G],
Evan,Fournier,10/30/92,"{city: New York, state: New York, abbreviation: NYK, teamName: New York Knicks}","{height: 78, weight: 205}",13,"[G, F]",
Taj,Gibson,6/26/85,"{city: New York, state: New York, abbreviation: NYK, teamName: New York Knicks}","{height: 81, weight: 232}",67,[F],
Quentin,Grimes,5/10/00,"{city: New York, state: New York, abbreviation: NYK, teamName: New York Knicks}","{height: 76, weight: 210}",6,[G],
Kevin,Knox II,8/10/99,"{city: New York, state: New York, abbreviation: NYK, teamName: New York Knicks}","{height: 79, weight: 215}",20,[F],
Miles,McBride,9/7/00,"{city: New York, state: New York, abbreviation: NYK, teamName: New York Knicks}","{height: 73, weight: 195}",2,[G],
Immanuel,Quickley,6/16/99,"{city: New York, state: New York, abbreviation: NYK, teamName: New York Knicks}","{height: 75, weight: 190}",5,[G],
Julius,Randle,12/2/94,"{city: New York, state: New York, abbreviation: NYK, teamName: New York Knicks}","{height: 80, weight: 250}",30,"[F, C]",
Mitchell,Robinson,3/31/98,"{city: New York, state: New York, abbreviation: NYK, teamName: New York Knicks}","{height: 85, weight: 240}",23,"[C, F]",
Derrick,Rose,10/6/88,"{city: New York, state: New York, abbreviation: NYK, teamName: New York Knicks}","{height: 74, weight: 200}",4,[G],
Wayne,Selden,10/1/94,"{city: New York, state: New York, abbreviation: NYK, teamName: New York Knicks}","{height: 76, weight: 232}",11,[G],
Jericho,Sims,10/22/98,"{city: New York, state: New York, abbreviation: NYK, teamName: New York Knicks}","{height: 81, weight: 250}",45,[C],
Obi,Toppin,3/6/98,"{city: New York, state: New York, abbreviation: NYK, teamName: New York Knicks}","{height: 81, weight: 220}",1,[F],
Kemba,Walker,5/9/90,"{city: New York, state: New York, abbreviation: NYK, teamName: New York Knicks}","{height: 73, weight: 184}",8,[G],
Darius,Bazley,6/11/00,"{city: Oklahoma City, state: Oklahoma, abbreviation: OKC, teamName: Oklahoma City Thunder}","{height: 80, weight: 208}",7,"[F, G]",
Gabriel,Deck,2/9/95,"{city: Oklahoma City, state: Oklahoma, abbreviation: OKC, teamName: Oklahoma City Thunder}","{height: 78, weight: 231}",6,[F],
Luguentz,Dort,4/19/99,"{city: Oklahoma City, state: Oklahoma, abbreviation: OKC, teamName: Oklahoma City Thunder}","{height: 75, weight: 215}",5,[G],
Derrick,Favors,7/17/91,"{city: Oklahoma City, state: Oklahoma, abbreviation: OKC, teamName: Oklahoma City Thunder}","{height: 81, weight: 265}",15,[F],
Josh,Giddey,10/10/02,"{city: Oklahoma City, state: Oklahoma, abbreviation: OKC, teamName: Oklahoma City Thunder}","{height: 80, weight: 205}",3,[G],
Shai,Gilgeous-Alexander,7/12/98,"{city: Oklahoma City, state: Oklahoma, abbreviation: OKC, teamName: Oklahoma City Thunder}","{height: 78, weight: 180}",2,"[G, F]",
Ty,Jerome,7/8/97,"{city: Oklahoma City, state: Oklahoma, abbreviation: OKC, teamName: Oklahoma City Thunder}","{height: 77, weight: 195}",16,"[G, F]",
Vit,Krejci,6/19/00,"{city: Oklahoma City, state: Oklahoma, abbreviation: OKC, teamName: Oklahoma City Thunder}","{height: 80, weight: 195}",27,[G],
Theo,Maledon,6/11/01,"{city: Oklahoma City, state: Oklahoma, abbreviation: OKC, teamName: Oklahoma City Thunder}","{height: 76, weight: 175}",11,[G],
Tre,Mann,2/4/01,"{city: Oklahoma City, state: Oklahoma, abbreviation: OKC, teamName: Oklahoma City Thunder}","{height: 75, weight: 178}",23,[G],
Mike,Muscala,7/3/91,"{city: Oklahoma City, state: Oklahoma, abbreviation: OKC, teamName: Oklahoma City Thunder}","{height: 82, weight: 240}",33,"[F, C]",
Aleksej,Pokusevski,12/26/01,"{city: Oklahoma City, state: Oklahoma, abbreviation: OKC, teamName: Oklahoma City Thunder}","{height: 85, weight: 190}",17,[C],
Jeremiah,Robinson-Earl,11/4/00,"{city: Oklahoma City, state: Oklahoma, abbreviation: OKC, teamName: Oklahoma City Thunder}","{height: 80, weight: 242}",50,[F],
Isaiah,Roby,2/5/98,"{city: Oklahoma City, state: Oklahoma, abbreviation: OKC, teamName: Oklahoma City Thunder}","{height: 80, weight: 230}",22,[F],
Kenrich,Williams,12/2/94,"{city: Oklahoma City, state: Oklahoma, abbreviation: OKC, teamName: Oklahoma City Thunder}","{height: 78, weight: 210}",34,"[G, F]",
Cole,Anthony,5/17/00,"{city: Orlando, state: Florida, abbreviation: ORL, teamName: Orlando Magic}","{height: 75, weight: 185}",50,[G],
Mo,Bamba,5/11/98,"{city: Orlando, state: Florida, abbreviation: ORL, teamName: Orlando Magic}","{height: 85, weight: 231}",5,[C],
Ignas,Brazdeikis,1/10/99,"{city: Orlando, state: Florida, abbreviation: ORL, teamName: Orlando Magic}","{height: 78, weight: 221}",17,[F],
Wendell,Carter Jr.,4/15/99,"{city: Orlando, state: Florida, abbreviation: ORL, teamName: Orlando Magic}","{height: 82, weight: 270}",34,"[C, F]",
R.J.,Hampton,2/7/01,"{city: Orlando, state: Florida, abbreviation: ORL, teamName: Orlando Magic}","{height: 76, weight: 175}",13,[G],
Robin,Lopez,4/6/88,"{city: Orlando, state: Florida, abbreviation: ORL, teamName: Orlando Magic}","{height: 85, weight: 281}",33,[C],
Terrence,Ross,2/7/91,"{city: Orlando, state: Florida, abbreviation: ORL, teamName: Orlando Magic}","{height: 78, weight: 206}",31,"[G, F]",
Jalen,Suggs,6/4/01,"{city: Orlando, state: Florida, abbreviation: ORL, teamName: Orlando Magic}","{height: 77, weight: 205}",4,[G],
Franz,Wagner,8/27/01,"{city: Orlando, state: Florida, abbreviation: ORL, teamName: Orlando Magic}","{height: 82, weight: 220}",22,[F],
Moritz,Wagner,4/26/97,"{city: Orlando, state: Florida, abbreviation: ORL, teamName: Orlando Magic}","{height: 83, weight: 245}",21,"[F, C]",
Charles,Bassey,10/28/00,"{city: Philadelphia, state: Pennsylvania, abbreviation: PHI, teamName: Philadelphia 76ers}","{height: 81, weight: 230}",23,"[C, F]",
Seth,Curry,8/26/90,"{city: Philadelphia, state: Pennsylvania, abbreviation: PHI, teamName: Philadelphia 76ers}","{height: 74, weight: 185}",31,[G],
Andre,Drummond,8/11/93,"{city: Philadelphia, state: Pennsylvania, abbreviation: PHI, teamName: Philadelphia 76ers}","{height: 82, weight: 279}",1,[C],
Joel,Embiid,3/18/94,"{city: Philadelphia, state: Pennsylvania, abbreviation: PHI, teamName: Philadelphia 76ers}","{height: 85, weight: 280}",21,"[C, F]",
Danny,Green,6/26/87,"{city: Philadelphia, state: Pennsylvania, abbreviation: PHI, teamName: Philadelphia 76ers}","{height: 78, weight: 215}",14,[G],
Tobias,Harris,7/16/92,"{city: Philadelphia, state: Pennsylvania, abbreviation: PHI, teamName: Philadelphia 76ers}","{height: 79, weight: 226}",12,[F],
Aaron,Henry,9/1/99,"{city: Philadelphia, state: Pennsylvania, abbreviation: PHI, teamName: Philadelphia 76ers}","{height: 77, weight: 210}",50,[F],
Isaiah,Joe,7/1/99,"{city: Philadelphia, state: Pennsylvania, abbreviation: PHI, teamName: Philadelphia 76ers}","{height: 76, weight: 165}",7,[G],
Furkan,Korkmaz,7/23/97,"{city: Philadelphia, state: Pennsylvania, abbreviation: PHI, teamName: Philadelphia 76ers}","{height: 79, weight: 202}",30,"[G, F]",
Tyrese,Maxey,11/4/00,"{city: Philadelphia, state: Pennsylvania, abbreviation: PHI, teamName: Philadelphia 76ers}","{height: 74, weight: 200}",0,[G],
Georges,Niang,6/17/93,"{city: Philadelphia, state: Pennsylvania, abbreviation: PHI, teamName: Philadelphia 76ers}","{height: 79, weight: 230}",20,[F],
Paul,Reed,6/16/99,"{city: Philadelphia, state: Pennsylvania, abbreviation: PHI, teamName: Philadelphia 76ers}","{height: 81, weight: 210}",44,[F],
Jaden,Springer,9/25/02,"{city: Philadelphia, state: Pennsylvania, abbreviation: PHI, teamName: Philadelphia 76ers}","{height: 76, weight: 202}",11,[G],
Matisse,Thybulle,3/6/97,"{city: Philadelphia, state: Pennsylvania, abbreviation: PHI, teamName: Philadelphia 76ers}","{height: 77, weight: 201}",22,"[G, F]",
Deandre,Ayton,7/23/98,"{city: Phoenix, state: Arizona, abbreviation: PHX, teamName: Phoenix Suns}","{height: 83, weight: 250}",22,[C],
Devin,Booker,11/2/96,"{city: Phoenix, state: Arizona, abbreviation: PHX, teamName: Phoenix Suns}","{height: 77, weight: 206}",1,[G],
Mikal,Bridges,9/1/96,"{city: Phoenix, state: Arizona, abbreviation: PHX, teamName: Phoenix Suns}","{height: 78, weight: 209}",25,[F],
Jae,Crowder,7/10/90,"{city: Phoenix, state: Arizona, abbreviation: PHX, teamName: Phoenix Suns}","{height: 78, weight: 235}",99,[F],
Chandler,Hutchison,4/26/96,"{city: Phoenix, state: Arizona, abbreviation: PHX, teamName: Phoenix Suns}","{height: 78, weight: 210}",35,"[F, G]",
Cameron,Johnson,3/6/96,"{city: Phoenix, state: Arizona, abbreviation: PHX, teamName: Phoenix Suns}","{height: 80, weight: 210}",23,[F],
Frank,Kaminsky,4/5/93,"{city: Phoenix, state: Arizona, abbreviation: PHX, teamName: Phoenix Suns}","{height: 85, weight: 240}",8,"[F, C]",
JaVale,McGee,1/24/88,"{city: Phoenix, state: Arizona, abbreviation: PHX, teamName: Phoenix Suns}","{height: 85, weight: 270}",0,"[C, F]",
Abdel,Nader,9/27/93,"{city: Phoenix, state: Arizona, abbreviation: PHX, teamName: Phoenix Suns}","{height: 77, weight: 225}",11,[F],
Chris,Paul,5/10/85,"{city: Phoenix, state: Arizona, abbreviation: PHX, teamName: Phoenix Suns}","{height: 73, weight: 175}",3,[G],
Cameron,Payne,8/11/94,"{city: Phoenix, state: Arizona, abbreviation: PHX, teamName: Phoenix Suns}","{height: 73, weight: 183}",15,[G],
Elfrid,Payton,2/24/94,"{city: Phoenix, state: Arizona, abbreviation: PHX, teamName: Phoenix Suns}","{height: 75, weight: 195}",2,[G],
Landry,Shamet,3/13/97,"{city: Phoenix, state: Arizona, abbreviation: PHX, teamName: Phoenix Suns}","{height: 76, weight: 190}",14,[G],
Jalen,Smith,3/16/00,"{city: Phoenix, state: Arizona, abbreviation: PHX, teamName: Phoenix Suns}","{height: 82, weight: 215}",10,"[F, C]",
Greg,Brown III,8/31/01,"{city: Portland, state: Oregon, abbreviation: POR, teamName: Portland Trail Blazers}","{height: 79, weight: 206}",4,[F],
Robert,Covington,12/18/90,"{city: Portland, state: Oregon, abbreviation: POR, teamName: Portland Trail Blazers}","{height: 79, weight: 209}",33,[F],
CJ,Elleby,6/15/00,"{city: Portland, state: Oregon, abbreviation: POR, teamName: Portland Trail Blazers}","{height: 78, weight: 200}",16,"[F, G]",
Damian,Lillard,7/17/90,"{city: Portland, state: Oregon, abbreviation: POR, teamName: Portland Trail Blazers}","{height: 74, weight: 195}",0,[G],
Nassir,Little,2/12/00,"{city: Portland, state: Oregon, abbreviation: POR, teamName: Portland Trail Blazers}","{height: 77, weight: 220}",9,"[F, G]",
CJ,McCollum,9/21/91,"{city: Portland, state: Oregon, abbreviation: POR, teamName: Portland Trail Blazers}","{height: 75, weight: 190}",3,[G],
Ben,McLemore,2/13/93,"{city: Portland, state: Oregon, abbreviation: POR, teamName: Portland Trail Blazers}","{height: 75, weight: 195}",23,[G],
Larry,Nance Jr.,1/4/93,"{city: Portland, state: Oregon, abbreviation: POR, teamName: Portland Trail Blazers}","{height: 79, weight: 245}",11,"[F, C]",
Jusuf,Nurkic,8/25/94,"{city: Portland, state: Oregon, abbreviation: POR, teamName: Portland Trail Blazers}","{height: 83, weight: 290}",27,[C],
Norman,Powell,5/26/93,"{city: Portland, state: Oregon, abbreviation: POR, teamName: Portland Trail Blazers}","{height: 75, weight: 215}",24,[G],
Anfernee,Simons,6/9/99,"{city: Portland, state: Oregon, abbreviation: POR, teamName: Portland Trail Blazers}","{height: 75, weight: 181}",1,[G],
Dennis,Smith Jr.,11/24/97,"{city: Portland, state: Oregon, abbreviation: POR, teamName: Portland Trail Blazers}","{height: 74, weight: 205}",10,[G],
Cody,Zeller,10/8/92,"{city: Portland, state: Oregon, abbreviation: POR, teamName: Portland Trail Blazers}","{height: 83, weight: 240}",40,"[F, C]",
Marvin,Bagley III,3/13/99,"{city: Sacramento, state: California, abbreviation: SAC, teamName: Sacramento Kings}","{height: 83, weight: 235}",35,[F],
Harrison,Barnes,6/3/92,"{city: Sacramento, state: California, abbreviation: SAC, teamName: Sacramento Kings}","{height: 80, weight: 225}",40,[F],
Terence,Davis,5/18/97,"{city: Sacramento, state: California, abbreviation: SAC, teamName: Sacramento Kings}","{height: 76, weight: 201}",3,[G],
De'Aaron,Fox,12/19/97,"{city: Sacramento, state: California, abbreviation: SAC, teamName: Sacramento Kings}","{height: 75, weight: 185}",5,[G],
Tyrese,Haliburton,3/1/00,"{city: Sacramento, state: California, abbreviation: SAC, teamName: Sacramento Kings}","{height: 77, weight: 185}",0,[G],
Maurice,Harkless,5/12/93,"{city: Sacramento, state: California, abbreviation: SAC, teamName: Sacramento Kings}","{height: 79, weight: 220}",8,"[F, G]",
Buddy,Hield,12/20/92,"{city: Sacramento, state: California, abbreviation: SAC, teamName: Sacramento Kings}","{height: 76, weight: 220}",24,[G],
Richaun,Holmes,10/16/93,"{city: Sacramento, state: California, abbreviation: SAC, teamName: Sacramento Kings}","{height: 82, weight: 235}",22,[F],
Alex,Len,6/17/93,"{city: Sacramento, state: California, abbreviation: SAC, teamName: Sacramento Kings}","{height: 85, weight: 250}",25,[C],
Davion,Mitchell,9/4/98,"{city: Sacramento, state: California, abbreviation: SAC, teamName: Sacramento Kings}","{height: 73, weight: 202}",15,[G],
Tristan,Thompson,3/15/91,"{city: Sacramento, state: California, abbreviation: SAC, teamName: Sacramento Kings}","{height: 81, weight: 254}",13,"[C, F]",
Keita,Bates-Diop,1/26/96,"{city: San Antonio, state: Texas, abbreviation: SAS, teamName: San Antonio Spurs}","{height: 80, weight: 229}",31,[F],
Drew,Eubanks,2/1/97,"{city: San Antonio, state: Texas, abbreviation: SAS, teamName: San Antonio Spurs}","{height: 81, weight: 245}",14,"[F, C]",
Bryn,Forbes,7/24/93,"{city: San Antonio, state: Texas, abbreviation: SAS, teamName: San Antonio Spurs}","{height: 74, weight: 205}",7,[G],
Keldon,Johnson,10/11/99,"{city: San Antonio, state: Texas, abbreviation: SAS, teamName: San Antonio Spurs}","{height: 78, weight: 220}",3,"[F, G]",
Tre,Jones,1/10/00,"{city: San Antonio, state: Texas, abbreviation: SAS, teamName: San Antonio Spurs}","{height: 73, weight: 185}",33,[G],
Jock,Landale,10/27/95,"{city: San Antonio, state: Texas, abbreviation: SAS, teamName: San Antonio Spurs}","{height: 83, weight: 255}",34,[C],
Doug,McDermott,1/5/92,"{city: San Antonio, state: Texas, abbreviation: SAS, teamName: San Antonio Spurs}","{height: 79, weight: 225}",17,[F],
Dejounte,Murray,9/19/96,"{city: San Antonio, state: Texas, abbreviation: SAS, teamName: San Antonio Spurs}","{height: 76, weight: 180}",5,[G],
Jakob,Poeltl,10/16/95,"{city: San Antonio, state: Texas, abbreviation: SAS, teamName: San Antonio Spurs}","{height: 85, weight: 245}",25,[C],
Joshua,Primo,12/22/02,"{city: San Antonio, state: Texas, abbreviation: SAS, teamName: San Antonio Spurs}","{height: 76, weight: 189}",11,[G],
Devin,Vassell,8/23/00,"{city: San Antonio, state: Texas, abbreviation: SAS, teamName: San Antonio Spurs}","{height: 77, weight: 200}",24,"[G, F]",
Lonnie,Walker IV,12/16/98,"{city: San Antonio, state: Texas, abbreviation: SAS, teamName: San Antonio Spurs}","{height: 76, weight: 204}",1,"[G, F]",
Derrick,White,7/2/94,"{city: San Antonio, state: Texas, abbreviation: SAS, teamName: San Antonio Spurs}","{height: 76, weight: 190}",4,[G],
Thaddeus,Young,6/25/88,"{city: San Antonio, state: Texas, abbreviation: SAS, teamName: San Antonio Spurs}","{height: 80, weight: 235}",30,[F],
Precious,Achiuwa,9/19/99,"{city: Toronto, state: Ontario, abbreviation: TOR, teamName: Toronto Raptors}","{height: 80, weight: 225}",5,[F],
OG,Anunoby,7/19/97,"{city: Toronto, state: Ontario, abbreviation: TOR, teamName: Toronto Raptors}","{height: 79, weight: 232}",3,[F],
Dalano,Banton,11/5/99,"{city: Toronto, state: Ontario, abbreviation: TOR, teamName: Toronto Raptors}","{height: 79, weight: 204}",45,[F],
Scottie,Barnes,8/2/01,"{city: Toronto, state: Ontario, abbreviation: TOR, teamName: Toronto Raptors}","{height: 79, weight: 225}",4,[F],
Khem,Birch,10/1/92,"{city: Toronto, state: Ontario, abbreviation: TOR, teamName: Toronto Raptors}","{height: 81, weight: 233}",24,[C],
Isaac,Bonga,11/9/99,"{city: Toronto, state: Ontario, abbreviation: TOR, teamName: Toronto Raptors}","{height: 80, weight: 180}",17,[G],
Chris,Boucher,1/11/93,"{city: Toronto, state: Ontario, abbreviation: TOR, teamName: Toronto Raptors}","{height: 81, weight: 200}",25,"[F, C]",
Justin,Champagnie,6/30/01,"{city: Toronto, state: Ontario, abbreviation: TOR, teamName: Toronto Raptors}","{height: 78, weight: 206}",11,"[G, F]",
Goran,Dragic,5/10/86,"{city: Toronto, state: Ontario, abbreviation: TOR, teamName: Toronto Raptors}","{height: 75, weight: 190}",1,[G],
Malachi,Flynn,5/11/98,"{city: Toronto, state: Ontario, abbreviation: TOR, teamName: Toronto Raptors}","{height: 73, weight: 175}",22,[G],
Svi,Mykhailiuk,6/9/97,"{city: Toronto, state: Ontario, abbreviation: TOR, teamName: Toronto Raptors}","{height: 79, weight: 205}",14,"[G, F]",
Gary,Trent Jr.,1/17/99,"{city: Toronto, state: Ontario, abbreviation: TOR, teamName: Toronto Raptors}","{height: 77, weight: 209}",33,"[G, F]",
Fred,VanVleet,2/28/94,"{city: Toronto, state: Ontario, abbreviation: TOR, teamName: Toronto Raptors}","{height: 73, weight: 197}",23,[G],
Bojan,Bogdanovic,4/21/89,"{city: Salt Lake City, state: Utah, abbreviation: UTA, teamName: Utah Jazz}","{height: 79, weight: 226}",44,[F],
Jared,Butler,8/23/00,"{city: Salt Lake City, state: Utah, abbreviation: UTA, teamName: Utah Jazz}","{height: 75, weight: 193}",13,[G],
Jordan,Clarkson,6/10/92,"{city: Salt Lake City, state: Utah, abbreviation: UTA, teamName: Utah Jazz}","{height: 76, weight: 194}",0,[G],
Mike,Conley,10/14/87,"{city: Salt Lake City, state: Utah, abbreviation: UTA, teamName: Utah Jazz}","{height: 73, weight: 175}",11,[G],
Malik,Fitts,10/25/01,"{city: Salt Lake City, state: Utah, abbreviation: UTA, teamName: Utah Jazz}","{height: 77, weight: 230}",24,[F],
Trent,Forrest,6/12/98,"{city: Salt Lake City, state: Utah, abbreviation: UTA, teamName: Utah Jazz}","{height: 76, weight: 210}",3,[G],
Rudy,Gobert,6/28/92,"{city: Salt Lake City, state: Utah, abbreviation: UTA, teamName: Utah Jazz}","{height: 85, weight: 258}",27,[C],
Elijah,Hughes,3/10/98,"{city: Salt Lake City, state: Utah, abbreviation: UTA, teamName: Utah Jazz}","{height: 77, weight: 215}",33,[G],
Joe,Ingles,10/7/87,"{city: Salt Lake City, state: Utah, abbreviation: UTA, teamName: Utah Jazz}","{height: 80, weight: 220}",2,"[F, G]",
Donovan,Mitchell,9/8/96,"{city: Salt Lake City, state: Utah, abbreviation: UTA, teamName: Utah Jazz}","{height: 73, weight: 215}",45,[G],
Royce,O'Neale,6/6/93,"{city: Salt Lake City, state: Utah, abbreviation: UTA, teamName: Utah Jazz}","{height: 77, weight: 226}",23,[F],
Miye,Oni,8/3/97,"{city: Salt Lake City, state: Utah, abbreviation: UTA, teamName: Utah Jazz}","{height: 77, weight: 206}",81,"[G, F]",
Eric,Paschall,11/5/96,"{city: Salt Lake City, state: Utah, abbreviation: UTA, teamName: Utah Jazz}","{height: 78, weight: 255}",0,[F],
Hassan,Whiteside,6/14/89,"{city: Salt Lake City, state: Utah, abbreviation: UTA, teamName: Utah Jazz}","{height: 85, weight: 265}",21,[C],
Deni,Avdija,1/2/01,"{city: Washington, state: Washing D.C., abbreviation: WAS, teamName: Washington Wizards}","{height: 81, weight: 210}",9,[F],
Bradley,Beal,6/28/93,"{city: Washington, state: Washing D.C., abbreviation: WAS, teamName: Washington Wizards}","{height: 76, weight: 207}",3,[G],
Davis,Bertans,11/14/92,"{city: Washington, state: Washing D.C., abbreviation: WAS, teamName: Washington Wizards}","{height: 82, weight: 225}",42,[F],
Kentavious,Caldwell-Pope,2/20/93,"{city: Washington, state: Washing D.C., abbreviation: WAS, teamName: Washington Wizards}","{height: 77, weight: 204}",1,[G],
Spencer,Dinwiddie,4/9/93,"{city: Washington, state: Washing D.C., abbreviation: WAS, teamName: Washington Wizards}","{height: 78, weight: 215}",26,[G],
Daniel,Gafford,9/30/98,"{city: Washington, state: Washing D.C., abbreviation: WAS, teamName: Washington Wizards}","{height: 81, weight: 234}",21,"[F, C]",
Montrezl,Harrell,1/26/94,"{city: Washington, state: Washing D.C., abbreviation: WAS, teamName: Washington Wizards}","{height: 79, weight: 240}",6,"[F, C]",
Aaron,Holiday,9/30/96,"{city: Washington, state: Washing D.C., abbreviation: WAS, teamName: Washington Wizards}","{height: 73, weight: 185}",4,[G],
Corey,Kispert,3/2/99,"{city: Washington, state: Washing D.C., abbreviation: WAS, teamName: Washington Wizards}","{height: 78, weight: 224}",24,[F],
Kyle,Kuzma,7/24/95,"{city: Washington, state: Washing D.C., abbreviation: WAS, teamName: Washington Wizards}","{height: 81, weight: 221}",33,[F],
Raul,Neto,5/23/92,"{city: Washington, state: Washing D.C., abbreviation: WAS, teamName: Washington Wizards}","{height: 74, weight: 180}",19,[G],
Nicolas,Batum,12/18/88,"{city: Los Angeles, state: California, abbreviation: LAC, teamName: Los Angeles Clippers}","{height: 80, weight: 230}",33,"[G, F]",
Eric,Bledsoe,12/10/89,"{city: Los Angeles, state: California, abbreviation: LAC, teamName: Los Angeles Clippers}","{height: 73, weight: 214}",12,[G],
Amir,Coffey,6/16/97,"{city: Los Angeles, state: California, abbreviation: LAC, teamName: Los Angeles Clippers}","{height: 79, weight: 210}",7,"[G, F]",
Paul,George,5/5/90,"{city: Los Angeles, state: California, abbreviation: LAC, teamName: Los Angeles Clippers}","{height: 80, weight: 220}",13,[F],
Isaiah,Hartenstein,5/7/98,"{city: Los Angeles, state: California, abbreviation: LAC, teamName: Los Angeles Clippers}","{height: 85, weight: 250}",55,"[C, F]",
Reggie,Jackson,4/17/90,"{city: Los Angeles, state: California, abbreviation: LAC, teamName: Los Angeles Clippers}","{height: 74, weight: 208}",1,[G],
Luke,Kennard,6/27/96,"{city: Los Angeles, state: California, abbreviation: LAC, teamName: Los Angeles Clippers}","{height: 77, weight: 206}",5,[G],
Terance,Mann,10/18/96,"{city: Los Angeles, state: California, abbreviation: LAC, teamName: Los Angeles Clippers}","{height: 77, weight: 215}",14,"[G, F]",
Marcus,Morris Sr.,9/3/89,"{city: Los Angeles, state: California, abbreviation: LAC, teamName: Los Angeles Clippers}","{height: 80, weight: 218}",8,[F],
Justise,Winslow,3/28/96,"{city: Los Angeles, state: California, abbreviation: LAC, teamName: Los Angeles Clippers}","{height: 78, weight: 222}",20,"[F, G]",
Ivica,Zubac,3/17/97,"{city: Los Angeles, state: California, abbreviation: LAC, teamName: Los Angeles Clippers}","{height: 85, weight: 240}",40,[C],
Nate,McMillan,8/3/64,"{city: Atlanta, state: Georgia, abbreviation: ATL, teamName: Atlanta Hawks}",,,,16
Ime,Udoka,8/9/77,"{city: Boston, state: Massachusetts, abbreviation: BOS, teamName: Boston Celtics}",,,,0
Steve,Nash,2/7/74,"{city: Brooklyn, state: New York, abbreviation: BKN, teamName: Brooklyn Nets}",,,,0
Billy,Donovan,5/30/65,"{city: Charlotte, state: North Carolina, abbreviation: CHA, teamName: Charlotte Hornets}",,,,2
James,Borrego,11/12/77,"{city: Chicago, state: Illnois, abbreviation: CHI, teamName: Chicago Bulls}",,,,2
J.B.,Bickerstaff,3/10/79,"{city: Cleveland, state: Ohio, abbreviation: CLE, teamName: Cleveland Cavaliers}",,,,5
Jason,Kidd,3/23/73,"{city: Dallas, state: Texas, abbreviation: DAL, teamName: Dallas Mavericks}",,,,5
Michael,Malone,1/1/71,"{city: Denver, state: Colorado, abbreviation: DEN, teamName: Denver Nuggets}",,,,6
Dwane,Casey,4/17/57,"{city: Detroit, state: Michigan, abbreviation: DET, teamName: Detroit Pistons}",,,,10
Steve,Kerr,9/27/65,"{city: San Francisco, state: California, abbreviation: GSW, teamName: Golden State Warriors}",,,,5
Stephen,Silas,1/1/73,"{city: Houston, state: Texas, abbreviation: HOU, teamName: Houston Rockets}",,,,0
Rick,Carlisle,10/27/59,"{city: Indiana, state: Indianopolis, abbreviation: IND, teamName: Indiana Pacers}",,,,17
Tyronn,Lue,5/3/77,"{city: Los Angeles, state: California, abbreviation: LAC, teamName: Los Angeles Clippers}",,,,3
Frank,Vogel,6/21/73,"{city: Los Angeles, state: California, abbreviation: LAL, teamName: Los Angeles Lakers}",,,,8
Taylor,Jenkins,9/12/84,"{city: Memphis, state: Tenesse, abbreviation: MEM, teamName: Memphis Grizzlies}",,,,0
Erik,Spoelstra,11/1/70,"{city: Miami, state: Florida, abbreviation: MIA, teamName: Miami Heat}",,,,11
Mike,Budenholzer,8/6/69,"{city: Milwaukee, state: Wisconsin, abbreviation: MIL, teamName: Milwaukee Bucks}",,,,6
Chris,Finch,11/6/69,"{city: Minneapolis, state: Minnesota , abbreviation: MIN, teamName: Minnesota Timberwolves}",,,,0
Willie,Green,7/28/81,"{city: New Orleans, state: Louisianna, abbreviation: NOP, teamName: New Orleans Pelicans}",,,,0
Tom,Thibodeau,1/17/58,"{city: New York, state: New York, abbreviation: NYK, teamName: New York Knicks}",,,,8
Mark,Daigneault,8/12/85,"{city: Oklahoma City, state: Oklahoma, abbreviation: OKC, teamName: Oklahoma City Thunder}",,,,0
Jamahl,Mosley,10/6/78,"{city: Orlando, state: Florida, abbreviation: ORL, teamName: Orlando Magic}",,,,0
Doc,Rivers,10/13/61,"{city: Philadelphia, state: Pennsylvania, abbreviation: PHI, teamName: Philadelphia 76ers}",,,,7
Monty,Williams,10/8/71,"{city: Phoenix, state: Arizona, abbreviation: PHX, teamName: Phoenix Suns}",,,,5
Chauncey,Billups,9/25/76,"{city: Portland, state: Oregon, abbreviation: POR, teamName: Portland Trail Blazers}",,,,0
Luke,Walton,3/28/80,"{city: Sacramento, state: California, abbreviation: SAC, teamName: Sacramento Kings}",,,,3
Gregg,Popovich,1/28/49,"{city: San Antonio, state: Texas, abbreviation: SAS, teamName: San Antonio Spurs}",,,,23
Nick,Nurse,7/24/67,"{city: Toronto, state: Ontario, abbreviation: TOR, teamName: Toronto Raptors}",,,,1
Quin,Snyder,10/30/66,"{city: Salt Lake City, state: Utah, abbreviation: UTA, teamName: Utah Jazz}",,,,5
Wes,Unseld Jr.,9/20/75,"{city: Washington, state: Washing D.C., abbreviation: WAS, teamName: Washington Wizards}",,,,6